<beans xmlns="http://www.springframework.org/schema/beans"
        xmlns:xsi="http://www.w3.org/2001/XMLSchema-instance" xmlns:p="http://www.springframework.org/schema/p"
        xsi:schemaLocation="http://www.springframework.org/schema/beans http://www.springframework.org/schema/beans/spring-beans-3.0.xsd">

        <bean id="casAuthenticatorDelegate"
                class="com.bonitasoft.engine.authentication.impl.cas.CASAuthenticatorImpl" lazy-init="true">
                <constructor-arg name="logger" ref="tenantTechnicalLoggerService" />
                <property name="casServerUrlPrefix"
                        value="${authentication.delegate.cas.server.url.prefix:http://cas.internal.bonitasoft.com/}" />
                <property name="casService"
                        value="${authentication.delegate.cas.service.url:http://internal.bonitasoft.com/bonita/loginservice}" />
        </bean>

        <bean id="nullAuthenticationDelegate"
                class="com.bonitasoft.engine.authentication.impl.NullAuthenticationDelegate"  lazy-init="true"/>

        <bean id="jaasAuthenticationService"
                class="com.bonitasoft.engine.authentication.impl.JAASGenericAuthenticationServiceImpl" lazy-init="true">
                <constructor-arg name="logger" ref="tenantTechnicalLoggerService" />
                <constructor-arg name="sessionAccessor" ref="sessionAccessor" />
                <property name="authenticatorDelegate"
                        ref="${authenticator.delegate:nullAuthenticationDelegate}" />
        </bean>
<!-- ORIGINAL DB AUTHENTICATION SERVICE IMPLEMENTATION:
        <bean id="authenticationService"
                class="org.bonitasoft.engine.authentication.impl.AuthenticationServiceImpl" lazy-init="true">
                <constructor-arg name="identityService" ref="identityService" />
                <constructor-arg name="logger" ref="tenantTechnicalLoggerService" />
        </bean>
-->
<!-- LDAP AUTHENTICATION SERVICE IMPLEMENTATION: -->
        <bean id="authenticationService"
                class="com.bonitasoft.engine.authentication.impl.JAASAuthenticationServiceImpl" lazy-init="true">
                <constructor-arg name="sessionAccessor" ref="sessionAccessor" ></constructor-arg>
                <constructor-arg name="logger" ref="tenantTechnicalLoggerService" />
        </bean>

</beans>

